1681370497694,发言,,你好

1681370503276,主播,Fay,你好！有什么可以帮助你的吗？

1681370505772,发言,,能听见我说话吗

1681370517929,主播,Fay,你好！有什么我可以为你效劳的吗？

1681370518439,发言,,你叫什么名字

1681370528751,发言,,你叫什么名字

1681370530632,主播,Fay,你好！很高兴遇见你。我是一个AI语言模型，可以和你聊天，有什么需要帮助的吗？

1681370544171,发言,,帮我计算一个问题吧

1681370545516,主播,Fay,你好！有什么我可以帮助你的吗？

1681370567204,发言,,你好你好

1681370590715,发言,,你好119喂

1681370591671,主播,Fay,您好，有什么可以帮助您的吗？

1681370601968,主播,Fay,您好！有什么需要我的帮助吗？

1681370613289,发言,,1加1等于几

1681370616847,主播,Fay,1加1等于2。

1681370629658,发言,,Can you speak english

1681370633661,主播,Fay,Yes， I can speak English.

